group,alpha,beta
all,14.516949730178997,0.1570586768102596
correct,17.92041464495381,0.16116662048725525
incorrect,3.268007459588266,1.036541833266859
