group,mean_confidence,median_confidence,count
correct,0.9919117414163098,0.9999323487281799,5202
incorrect,0.749738565900109,0.7377302050590515,33
all,0.9903851483328265,0.9999308586120604,5235
